{'overcapacity': 'over capacity',
 'unnecessarily': 'unnecessarily',
 'panagopoulos': 'pan ago poul os',
 'regurgitation': 'regurgitation',
 'flamethrower': 'flame thrower',
 'albanianborn': 'albanian born',
 'messageboard': 'message board',
 'phonetapping': 'phone tapping',
 'buttnumbathon': 'butt numbat hon',
 'threequarter': 'three quarter',
 'extortionist': 'extortionist',
 'irritatingly': 'irritatingly',
 'reconditioned': 'reconditioned',
 'disheartened': 'disheartened',
 'renationalise': 're national is e',
 'insurrection': 'insurrection',
 'chinawatcher': 'china watcher',
 'assassinated': 'assassinated',
 'aesthetically': 'aesthetically',
 'irreplaceable': 'irreplaceable',
 'journalistic': 'journalistic',
 'terabytesize': 'terabyte size',
 'characterise': 'characterise',
 'nearidentical': 'near identical',
 'unsatisfying': 'unsatisfying',
 'wellinsulated': 'well insulated',
 'colombianborn': 'colombian born',
 'threecornered': 'three cornered',
 'ballymenaborn': 'ballymena born',
 'platespinning': 'plate spinning',
 'russianowned': 'russian owned',
 'extortionate': 'extortionate',
 'fuelefficient': 'fuel efficient',
 'cambridgebased': 'cambridge based',
 'recognisable': 'recognisable',
 'unilaterally': 'unilaterally',
 'renegotiation': 'renegotiation',
 'palookaville': 'pa look a ville',
 'mindnumbingly': 'mind numbing ly',
 'scandinavian': 'scandinavian',
 'bedfordshire': 'bedfordshire',
 'allimportant': 'all important',
 'decentralised': 'de centralised',
 'decentralise': 'de central is e',
 'legitimately': 'legitimately',
 'bloomingdale': 'blooming dale',
 'lostprophets': 'lostprophets',
 'environmentally': 'environmentally',
 'disturbingly': 'disturbingly',
 'cyberathlete': 'cyberathlete',
 'newlyfounded': 'newly founded',
 'courtimposed': 'court imposed',
 'underproduced': 'under produced',
 'powersharing': 'power sharing',
 'counterterrorism': 'counter terrorism',
 'injuryravaged': 'injury ravaged',
 'interrupting': 'interrupting',
 'prostitution': 'prostitution',
 'dumfriesshire': 'dumfriesshire',
 'purification': 'purification',
 'distributing': 'distributing',
 'stakeholders': 'stakeholders',
 'inflammatory': 'inflammatory',
 'interference': 'interference',
 'multilingual': 'multilingual',
 'underfunding': 'under funding',
 'overreliance': 'over reliance',
 'confrontational': 'confrontational',
 'schoolfriends': 'school friends',
 'adaptibility': 'adapt i bil it y',
 'departmental': 'departmental',
 'motherboards': 'motherboards',
 'postchristmas': 'post christmas',
 'reinitiation': 're initiation',
 'mycokemusiccom': 'my coke music com',
 'singaporelisted': 'singapore listed',
 'moneyspinning': 'money spinning',
 'classification': 'classification',
 'progressively': 'progressively',
 'exceptionally': 'exceptionally',
 'selffinanced': 'self financed',
 'sonyericsson': 'sony ericsson',
 'coproductions': 'co productions',
 'interception': 'interception',
 'psychologist': 'psychologist',
 'mendaciously': 'mendacious ly',
 'personalised': 'personalised',
 'emphatically': 'emphatically',
 'intermission': 'intermission',
 'irelandbased': 'ireland based',
 'welshspeaking': 'welsh speaking',
 'braincontrol': 'brain control',
 'wellpublicised': 'well publicised',
 'wellpolished': 'well polished',
 'electrically': 'electrically',
 'sixkilometre': 'six kilometre',
 'billingsgate': 'billings gate',
 'documentation': 'documentation',
 'sidescrolling': 'sidescrolling',
 'significance': 'significance',
 'geographical': 'geographical',
 'counterclaim': 'counterclaim',
 'userfriendly': 'user friendly',
 'showbusiness': 'show business',
 'muchimproved': 'much improved',
 'singlebedroom': 'single bedroom',
 'pianopounder': 'piano pounder',
 'foreknowledge': 'foreknowledge',
 'theirfamilies': 'their families',
 'staffordshire': 'staffordshire',
 'claycourters': 'clay court ers',
 'consultative': 'consultative',
 'britishbacked': 'british backed',
 'argumentative': 'argumentative',
 'liverpudlian': 'liver pu d lian',
 'plasterboard': 'plasterboard',
 'lowerskilled': 'lower skilled',
 'expropriation': 'expropriation',
 'stringfellow': 'stringfellow',
 'modification': 'modification',
 'counterbalance': 'counterbalance',
 'threeminutes': 'three minutes',
 'immeasurably': 'immeasurably',
 'incompatibility': 'incompatibility',
 'islamaphobia': 'islam a phobia',
 'multibillion': 'multi billion',
 'advertiserbased': 'advertiser based',
 'repossession': 'repossession',
 'bedellsivright': 'be dells iv right',
 'substitution': 'substitution',
 'surroundsound': 'surround sound',
 'jacksonstyle': 'jackson style',
 'exgirlfriend': 'ex girlfriend',
 'jacksonville': 'jacksonville',
 'majorityowned': 'majority owned',
 'thanksgiving': 'thanksgiving',
 'bestdesigned': 'best designed',
 'impoverished': 'impoverished',
 'doorstepping': 'door stepping',
 'undetectable': 'undetectable',
 'confiscatory': 'conf isca tory',
 'counterparts': 'counterparts',
 'littlefeather': 'little feather',
 'regeneration': 'regeneration',
 'behindclosed': 'behind closed',
 'underpinning': 'underpinning',
 'ticketholder': 'ticket holder',
 'frustratingly': 'frustratingly',
 'sportsleisure': 'sports leisure',
 'preoccupation': 'preoccupation',
 'anticoagulant': 'anticoagulant',
 'interconnect': 'interconnect',
 'selfdiagnosis': 'self diagnosis',
 'screensavers': 'screen savers',
 'insufficient': 'insufficient',
 'conceptually': 'conceptually',
 'enterprising': 'enterprising',
 'unfulfilling': 'un fulfilling',
 'inconceivable': 'inconceivable',
 'sarbanesoxley': 'sar banes oxley',
 'whistleblower': 'whistle blower',
 'disintegrate': 'disintegrate',
 'astonishingly': 'astonishingly',
 'reintegration': 'reintegration',
 'consumercreated': 'consumer created',
 'progovernment': 'pro government',
 'thyssenkrupp': 'thyssenkrupp',
 'downconverting': 'down converting',
 'wonderstrike': 'wonder strike',
 'thoroughness': 'thoroughness',
 'notification': 'notification',
 'incompetence': 'incompetence',
 'baghdadbased': 'baghdad based',
 'firstquarter': 'first quarter',
 'ubiquitously': 'ubiquitously',
 'convincingly': 'convincingly',
 'backtracking': 'backtracking',
 'whittingdale': 'w hitting dale',
 'nationalisation': 'nationalisation',
 'fastestrising': 'fastest rising',
 'newsgamingcom': 'news gaming com',
 'crimefighting': 'crime fighting',
 'timespecific': 'time specific',
 'approximation': 'approximation',
 'expletiveladen': 'expletive laden',
 'musicalcomedy': 'musical comedy',
 'illiberalism': 'il liberalism',
 'inadmissible': 'inadmissible',
 'codecracking': 'code cracking',
 'crosslicense': 'cross license',
 'qualitatively': 'qualitatively',
 'protectionism': 'protectionism',
 'underachievement': 'under achievement',
 'environments': 'environments',
 'ultrawideband': 'ultra wide band',
 'familyfriendly': 'family friendly',
 'fastspreading': 'fast spreading',
 'organisations': 'organisations',
 'prechristmas': 'pre christmas',
 'indiscipline': 'in discipline',
 'posttakeover': 'post takeover',
 'misdirection': 'misdirection',
 'housebuilder': 'house builder',
 'fiveyeardeal': 'five year deal',
 'playstations': 'playstation s',
 'conglomerate': 'conglomerate',
 'thunderbirds': 'thunderbirds',
 'unforeseeable': 'unforeseeable',
 'spectacularly': 'spectacularly',
 'kiknavelidze': 'ki knave lid ze',
 'foreignowned': 'foreign owned',
 'redevelopment': 'redevelopment',
 'peacekeeping': 'peacekeeping',
 'everexpanding': 'ever expanding',
 'bibliography': 'bibliography',
 'untrammelled': 'un trammelled',
 'prescription': 'prescription',
 'benchmarking': 'benchmarking',
 'recapitalised': 're capitalised',
 'problematical': 'problematical',
 'strategically': 'strategically',
 'unsustainable': 'unsustainable',
 'sittingbourne': 'sitting bourne',
 'silverbooted': 'silver booted',
 'fourthbiggest': 'fourth biggest',
 'nonperforming': 'non performing',
 'crossselling': 'cross selling',
 'cinematographer': 'cinematographer',
 'correctional': 'correctional',
 'cashstrapped': 'cash strapped',
 'environmentalist': 'environmentalist',
 'performances': 'performances',
 'quickgrowing': 'quick growing',
 'fileswappers': 'file swap per s',
 'incapacitated': 'incapacitated',
 'newlyappointed': 'newly appointed',
 'bandsartists': 'bands artists',
 'disinterested': 'disinterested',
 'leadenfooted': 'leaden footed',
 'worstaffected': 'worst affected',
 'welldesigned': 'well designed',
 'sarcastically': 'sarcastically',
 'lookingglass': 'looking glass',
 'embarrassing': 'embarrassing',
 'biblethumping': 'bible thumping',
 'confederation': 'confederation',
 'conveniently': 'conveniently',
 'tsunamirelated': 'tsunami related',
 'extraordinarily': 'extraordinarily',
 'ukcontrolled': 'uk controlled',
 'berthinussen': 'berth in us sen',
 'denialofservice': 'denial of service',
 'governmentcommissioned': 'government commissioned',
 'teleservices': 'tele services',
 'authentication': 'authentication',
 'remotecontrolled': 'remote controlled',
 'tuberculosis': 'tuberculosis',
 'downshifting': 'down shifting',
 'introspective': 'introspective',
 'lifeextending': 'life extending',
 'propertybased': 'property based',
 'contributing': 'contributing',
 'contaminationfree': 'contamination free',
 'antimusharraf': 'anti musharraf',
 'satisfactory': 'satisfactory',
 'multilateral': 'multilateral',
 'unbelievable': 'unbelievable',
 'conciliatory': 'conciliatory',
 'rainaffected': 'rain affected',
 'democratgreen': 'democrat green',
 'euroatlantic': 'euro atlantic',
 'unenforceable': 'unenforceable',
 'bureaucratism': 'bureaucrat is m',
 'capitulation': 'capitulation',
 'serialisation': 'serial is ation',
 'payperaction': 'pay per action',
 'anheuserbusch': 'anheuser busch',
 'passtheparcel': 'pass the parcel',
 'speechwriting': 'speech writing',
 'disillusioned': 'disillusioned',
 'meandzoegate': 'me and zoe gate',
 'babyshamblers': 'baby shamble rs',
 'remotecontrol': 'remote control',
 'strengthened': 'strengthened',
 'computational': 'computational',
 'stratocaster': 'stratocaster',
 'accomplishment': 'accomplishment',
 'southeastern': 'southeastern',
 'titlewinning': 'title winning',
 'doubleolympic': 'double olympic',
 'gamesondemand': 'games on demand',
 'rebandingwill': 're banding will',
 'welleducated': 'well educated',
 'courageously': 'courageously',
 'actordirector': 'actor director',
 'locationbased': 'location based',
 'transitional': 'transitional',
 'demonstrates': 'demonstrates',
 'soontoretire': 'soon to retire',
 'proportional': 'proportional',
 'moneyspinner': 'money spinner',
 'undemocratic': 'undemocratic',
 'underexposure': 'under exposure',
 'chennaibased': 'chennai based',
 'selfdelusion': 'self delusion',
 'selfdeclared': 'self declared',
 'jamesinspired': 'james inspired',
 'neighbouring': 'neighbouring',
 'passionately': 'passionately',
 'embarrassment': 'embarrassment',
 'irreversible': 'irreversible',
 'overemphasise': 'over emphasise',
 'encroachment': 'encroachment',
 'uninterested': 'uninterested',
 'immaculately': 'immaculately',
 'mortgagestyle': 'mortgage style',
 'developmental': 'developmental',
 'tranquillity': 'tranquillity',
 'conferencesm': 'conferences m',
 'threemonthly': 'three monthly',
 'involvedthey': 'involved they',
 'holidaymaker': 'holiday maker',
 'internazionale': 'internazionale',
 'battlegrounds': 'battlegrounds',
 'mismanagement': 'mismanagement',
 'centrehalves': 'centre halves',
 'seasonleading': 'season leading',
 'floridabased': 'florida based',
 'admissibility': 'admissibility',
 'doubledeckers': 'double decker s',
 'persistently': 'persistently',
 'operationally': 'operationally',
 'instantaneous': 'instantaneous',
 'injuryplagued': 'injury plagued',
 'minihydraulic': 'mini hydraulic',
 'demonstrated': 'demonstrated',
 'bellahouston': 'bella houston',
 'overambitious': 'overambitious',
 'peradventure': 'per adventure',
 'rechargeable': 'rechargeable',
 'virginiabased': 'virginia based',
 'mediterranean': 'mediterranean',
 'pornographer': 'pornographer',
 'unexpectedly': 'unexpectedly',
 'footballplaying': 'football playing',
 'accompaniment': 'accompaniment',
 'rediscovered': 'rediscovered',
 'killamangiro': 'kill a man giro',
 'energysapping': 'energy sapping',
 'columbiasony': 'columbia sony',
 'practicality': 'practicality',
 'propostition': 'pro post it ion',
 'enthusiastically': 'enthusiastically',
 'maledominated': 'male dominated',
 'houstonbased': 'houston based',
 'intermediate': 'intermediate',
 'charttoppers': 'chart toppers',
 'schwarzenegger': 'schwarzenegger',
 'usregistered': 'us registered',
 'libertadores': 'libertadores',
 'energetically': 'energetically',
 'intermediary': 'intermediary',
 'chancayhuaral': 'chan cay hu aral',
 'jamaicanstyle': 'jamaican style',
 'homelessness': 'homelessness',
 'inventiveness': 'inventiveness',
 'inconspicuous': 'inconspicuous',
 'antibacterial': 'antibacterial',
 'welfaretowork': 'welfare to work',
 'assertiveness': 'assertiveness',
 'invincibility': 'invincibility',
 'individuality': 'individuality',
 'dispossessed': 'dispossessed',
 'citizenbased': 'citizen based',
 'brisbanebased': 'brisbane based',
 'ideologically': 'ideologically',
 'underpressure': 'under pressure',
 'hollinghurst': 'holl ing hurst',
 'protestation': 'protestation',
 'disorientate': 'disorient ate',
 'capabilities': 'capabilities',
 'wigglesworth': 'wiggles worth',
 'papadoyiannakis': 'papa do yi an nak is',
 'dependability': 'dependability',
 'gadgetlovers': 'gadget lovers',
 'selfcritical': 'self critical',
 'chairmanship': 'chairmanship',
 'counterstrike': 'counter strike',
 'counterattack': 'counterattack',
 'dispassionate': 'dispassionate',
 'swashbuckling': 'swashbuckling',
 'chevrontexaco': 'chevron texaco',
 'fainthearted': 'fainthearted',
 'biggestselling': 'biggest selling',
 'unstructured': 'unstructured',
 'moneychangers': 'money changers',
 'autobiographical': 'autobiographical',
 'conspicuously': 'conspicuously',
 'mediumtolong': 'medium to long',
 'fictionalise': 'fictional is e',
 'publiccompany': 'public company',
 'attributable': 'attributable',
 'jakartabased': 'jakarta based',
 'paidforpassalong': 'paid for pass along',
 'philharmonic': 'philharmonic',
 'transgression': 'transgression',
 'antiphishing': 'anti phishing',
 'contradiction': 'contradiction',
 'michelangelo': 'michelangelo',
 'unfavourably': 'un favourably',
 'irresponsibility': 'irresponsibility',
 'selfdestruct': 'self destruct',
 'londonfrankfurt': 'london frankfurt',
 'fuelinjection': 'fuel injection',
 'nottinghamshire': 'nottinghamshire',
 'salsamerengue': 'salsa merengue',
 'contraceptive': 'contraceptive',
 'verbalicious': 'verb a licious',
 'traditionalm': 'traditional m',
 'reorganisation': 'reorganisation',
 'lackadaisical': 'lackadaisical',
 'futurologist': 'fu t urologist',
 'latenovember': 'late november',
 'nanotechnology': 'nanotechnology',
 'carolinabased': 'carolina based',
 'internetbased': 'internet based',
 'restructuing': 're struct u ing',
 'nonessential': 'nonessential',
 'vindictively': 'vindictively',
 'selfexpression': 'self expression',
 'postconflict': 'post conflict',
 'precautionary': 'precautionary',
 'complimentary': 'complimentary',
 'prodemocracy': 'pro democracy',
 'unimaginable': 'unimaginable',
 'markovadolin': 'markova dol in',
 'purposefully': 'purposefully',
 'sindelfingen': 's in delf in gen',
 'palestinians': 'palestinians',
 'retrospective': 'retrospective',
 'roguedialling': 'rogue dialling',
 'collectively': 'collectively',
 'bewilderment': 'bewilderment',
 'reengineered': 're engineered',
 'recordholders': 'record holders',
 'infiltration': 'infiltration',
 'interrogation': 'interrogation',
 'overconfident': 'overconfident',
 'institutional': 'institutional',
 'deceleration': 'deceleration',
 'pencepershare': 'pence per share',
 'breathtaking': 'breathtaking',
 'unseasonably': 'unseasonably',
 'allconsuming': 'all consuming',
 'unreformable': 'un reform able',
 'certification': 'certification',
 'semimythical': 'semi mythical',
 'apprehension': 'apprehension',
 'sixthhighest': 'sixth highest',
 'usefulpopular': 'useful popular',
 'decisionmaker': 'decision maker',
 'cryptography': 'cryptography',
 'searchengine': 'search engine',
 'miscarriages': 'miscarriages',
 'nigerianowned': 'nigerian owned',
 'reverberation': 'reverberation',
 'reinstatement': 'reinstatement',
 'newlycrowned': 'newly crowned',
 'lowprevalence': 'low prevalence',
 'statisticians': 'statisticians',
 'unmistakable': 'unmistakable',
 'surgutneftegas': 'sur gut ne ft egas',
 'ryanairboeing': 'ryanair boeing',
 'antieuropean': 'anti european',
 'sweetnatured': 'sweet natured',
 'impersonator': 'impersonator',
 'contemplates': 'contemplates',
 'swindonnotts': 'swindon notts',
 'spokespeople': 'spokespeople',
 'consequently': 'consequently',
 'jeanfrancois': 'jean francois',
 'kimberlyclark': 'kimberly clark',
 'cannabisbased': 'cannabis based',
 'looseforward': 'loose forward',
 'multitakings': 'multi takings',
 'beerflavoured': 'beer flavoured',
 'ramification': 'ramification',
 'exploitation': 'exploitation',
 'deliberation': 'deliberation',
 'healthrelated': 'health related',
 'uninterrupted': 'uninterrupted',
 'embezzlement': 'embezzlement',
 'antisectarian': 'anti sectarian',
 'rapidlyrising': 'rapidly rising',
 'britishbased': 'british based',
 'newportgwent': 'newport gwent',
 'wellorganised': 'well organised',
 'glasgowbased': 'glasgow based',
 'reformminded': 'reform minded',
 'hypertension': 'hypertension',
 'precondition': 'precondition',
 'indispensable': 'indispensable',
 'valueformoney': 'value for money',
 'troubleshoot': 'troubleshoot',
 'nonrepayable': 'non repayable',
 'tripledecker': 'triple decker',
 'unaccountably': 'unaccountably',
 'respectableh': 'respectable h',
 'predominately': 'predominately',
 'crossexamined': 'cross examined',
 'montrealbased': 'montreal based',
 'votecatching': 'vote catching',
 'wellconceived': 'well conceived',
 'uncontrolled': 'uncontrolled',
 'efficiencies': 'efficiencies',
 'fileswapping': 'file swapping',
 'acrobatically': 'acrobatic ally',
 'workingclass': 'working class',
 'grammywinning': 'grammy winning',
 'consciousness': 'consciousness',
 'reproductive': 'reproductive',
 'geoscientists': 'geo scientists',
 'fifthlargest': 'fifth largest',
 'lowerranking': 'lower ranking',
 'biotechnology': 'biotechnology',
 'paternalistic': 'paternalistic',
 'macroeconomic': 'macroeconomic',
 'entertaining': 'entertaining',
 'underdevelop': 'under develop',
 'inconclusive': 'inconclusive',
 'gueststarred': 'guest starred',
 'heavilytipped': 'heavily tipped',
 'manufactured': 'manufactured',
 'colonisation': 'colonisation',
 'nonsolicited': 'non solicited',
 'dutchmoroccan': 'dutch moroccan',
 'supercomputing': 'super computing',
 'underwhelming': 'under w hel ming',
 'diarywriting': 'diary writing',
 'ratification': 'ratification',
 'fundamentals': 'fundamentals',
 'unconvincing': 'unconvincing',
 'acceleration': 'acceleration',
 'konstantinos': 'konstantino s',
 'inexperience': 'in experience',
 'ritesofpassage': 'rites of passage',
 'characterises': 'characterises',
 'magnificently': 'magnificently',
 'valuecreating': 'value creating',
 'surreptitiously': 'surreptitiously',
 'millionpound': 'million pound',
 'liechtenstein': 'liechtenstein',
 'continuation': 'continuation',
 'casinorelated': 'casino related',
 'fouryearolds': 'four year olds',
 'interrogator': 'interrogator',
 'agrochemical': 'a gro chemical',
 'unassailable': 'unassailable',
 'televentures': 'tele ventures',
 'announcements': 'announcements',
 'behindthescenes': 'behind the scenes',
 'semiconductor': 'semiconductor',
 'proeuropeans': 'pro europeans',
 'reevaluation': 'reevaluation',
 'interrogated': 'interrogated',
 'dictatorship': 'dictatorship',
 'antiamerican': 'anti american',
 'djembadjemba': 'djemba djemba',
 'winterbottom': 'winter bottom',
 'recreational': 'recreational',
 'rugbytackled': 'rugby tackled',
 'selfobsessed': 'self obsessed',
 'fonetography': 'f one to graph y',
 'reconstructed': 'reconstructed',
 'enthusiastic': 'enthusiastic',
 'disaffection': 'disaffection',
 'welshenglish': 'welsh english',
 'quantitative': 'quantitative',
 'gloucestershire': 'gloucestershire',
 'mockauthentic': 'mock authentic',
 'hairdressing': 'hairdressing',
 'chiropractor': 'chiropractor',
 'astronomical': 'astronomical',
 'beneficiaries': 'beneficiaries',
 'civilisation': 'civilisation',
 'enlargedtate': 'enlarged tate',
 'vaidyanathan': 'v aid yana than',
 'intelligently': 'intelligently',
 'higherreturn': 'higher return',
 'largerthanexpected': 'larger than expected',
 'redistribute': 'redistribute',
 'principality': 'principality',
 'displacement': 'displacement',
 'superathletic': 'super athletic',
 'nanoparticles': 'nanoparticles',
 'blomefontein': 'blom e font e in',
 'straightsets': 'straight sets',
 'reinvigorate': 'reinvigorate',
 'gangsterstyle': 'gangster style',
 'aberdeenbased': 'aberdeen based',
 'unwillingness': 'unwillingness',
 'muzaffarabad': 'muzaffarabad',
 'meanstesting': 'means testing',
 'liverpudlians': 'liver pu d lian s',
 'glenurquhart': 'glen ur qu hart',
 'soulsearching': 'soul searching',
 'simpsondaniel': 'simpson daniel',
 'rollercoaster': 'rollercoaster',
 'multifunction': 'multifunction',
 'threeandahalf': 'three and a half',
 'highlyradioactive': 'highly radioactive',
 'antiglobalisation': 'anti globalisation',
 'egyptianborn': 'egyptian born',
 'multipurpose': 'multipurpose',
 'unremarkable': 'unremarkable',
 'scalprecorded': 'scalp recorded',
 'quadriplegic': 'quadriplegic',
 'sophistication': 'sophistication',
 'virusfighting': 'virus fighting',
 'visualisation': 'visualisation',
 'misrepresent': 'misrepresent',
 'allenveloping': 'all enveloping',
 'legallydownloaded': 'legally downloaded',
 'satyanarayana': 'satya narayana',
 'radioenabled': 'radio enabled',
 'reintroduced': 'reintroduced',
 'halobungieorg': 'halo bungie org',
 'doubleheader': 'doubleheader',
 'cannontoting': 'cannon toting',
 'missionairies': 'mission air ies',
 'overcrowding': 'overcrowding',
 'mouldbreaking': 'mould breaking',
 'verification': 'verification',
 'postgraduate': 'postgraduate',
 'demonstrator': 'demonstrator',
 'overlyzealous': 'overly zealous',
 'interoperable': 'interoperable',
 'astonishment': 'astonishment',
 'conclusively': 'conclusively',
 'commoditising': 'com mod it ising',
 'demotivating': 'de motivating',
 'staffordsmith': 'stafford smith',
 'extravaganza': 'extravaganza',
 'timehonoured': 'time honoured',
 'protagonists': 'protagonists',
 'recordholder': 'record holder',
 'welldocumented': 'well documented',
 'moneyearning': 'money earning',
 'opportunistic': 'opportunistic',
 'petrochemical': 'petrochemical',
 'nonspecialist': 'non specialist',
 'fossilhunting': 'fossil hunting',
 'maximisation': 'maxim is ation',
 'righteousness': 'righteousness',
 'differential': 'differential',
 'energystarved': 'energy starved',
 'misjudgement': 'misjudgement',
 'acknowledged': 'acknowledged',
 'johannesburg': 'johannesburg',
 'revolutionised': 'revolutionised',
 'selfassurance': 'self assurance',
 'uncompromising': 'uncompromising',
 'codebreaking': 'codebreaking',
 'areconsulting': 'are consulting',
 'dangerousthe': 'dangerous the',
 'internacional': 'internacional',
 'defibrillator': 'defibrillator',
 'degenerative': 'degenerative',
 'transparently': 'transparently',
 'microsystems': 'microsystems',
 'invasiveness': 'invasive ness',
 'declarations': 'declarations',
 'vicedirector': 'vice director',
 'indiscretion': 'indiscretion',
 'additionally': 'additionally',
 'constellation': 'constellation',
 'highlighting': 'highlighting',
 'repercussion': 'repercussion',
 'redundancies': 'redundancies',
 'napsterization': 'napster iz ation',
 'storytelling': 'storytelling',
 'comprehensively': 'comprehensively',
 'costeffective': 'cost effective',
 'encouragement': 'encouragement',
 'tunisianborn': 'tunisian born',
 'preparedness': 'preparedness',
 'higherpriced': 'higher priced',
 'visakhapatnam': 'visa khapa tnam',
 'fuerteventura': 'fuerteventura',
 'confectionery': 'confectionery',
 'investigated': 'investigated',
 'normalengined': 'normal engined',
 'weidensteiner': 'weiden steiner',
 'inauguration': 'inauguration',
 'noncelebrity': 'non celebrity',
 'ekhayelitsha': 'ek haye lit sha',
 'exportdriven': 'export driven',
 'instantaccess': 'instant access',
 'quicklytaken': 'quickly taken',
 'antieuropeans': 'anti europeans',
 'receptionist': 'receptionist',
 'antiislamism': 'anti islamism',
 'bromesberrow': 'brom es ber row',
 'christchurch': 'christchurch',
 'connectedness': 'connected ness',
 'secondplaced': 'second placed',
 'programmable': 'programmable',
 'pronunciation': 'pronunciation',
 'preventative': 'preventative',
 'hindilanguage': 'hindi language',
 'nextgeneration': 'next generation',
 'wolstenholme': 'wolstenholme',
 'inefficiency': 'inefficiency',
 'reproduction': 'reproduction',
 'homosexuality': 'homosexuality',
 'nipplebaring': 'nipple baring',
 'fourthminute': 'fourth minute',
 'printordering': 'print ordering',
 'washingtonbased': 'washington based',
 'nonemergency': 'non emergency',
 'incapacitate': 'incapacitate',
 'multitalented': 'multi talented',
 'undergraduate': 'undergraduate',
 'continuously': 'continuously',
 'greensleeves': 'greensleeves',
 'educationalist': 'education a list',
 'widereaching': 'wide reaching',
 'decapitation': 'decapitation',
 'semifinalist': 'semifinalist',
 'bonhamcarter': 'bonham carter',
 'acknowledges': 'acknowledges',
 'preelectronic': 'pre electronic',
 'peterborough': 'peterborough',
 'memberstates': 'member states',
 'nonforprofit': 'non for profit',
 'chauvinistic': 'chauvinistic',
 'discriminated': 'discriminated',
 'speculatively': 'speculative ly',
 'foreignbased': 'foreign based',
 'investigative': 'investigative',
 'oversubscribed': 'over subscribed',
 'outofcompetition': 'out of competition',
 'asylumseeking': 'asylum seeking',
 'preparations': 'preparations',
 'monthtomonth': 'month to month',
 'novemberearly': 'november early',
 'sowdentaylor': 'sow den taylor',
 'victimisation': 'victim is ation',
 'coincidental': 'coincidental',
 'spontaneously': 'spontaneously',
 'racketeering': 'racketeering',
 'glenmorangie': 'glen moran gie',
 'dopingrelated': 'doping related',
 'understaffed': 'understaffed',
 'pararallying': 'para rallying',
 'industrialist': 'industrialist',
 'guitartoting': 'guitar toting',
 'eighthseeded': 'eighth seeded',
 'buckinghamshire': 'buckinghamshire',
 'manofthematch': 'man of the match',
 'consecutively': 'consecutively',
 'christianity': 'christianity',
 'angloswedish': 'anglo swedish',
 'atomstroieksport': 'atoms troi ek sport',
 'stagemanaged': 'stage managed',
 'bloodandsinew': 'blood and sinew',
 'depreciation': 'depreciation',
 'affordability': 'afford ability',
 'stereophonics': 'stereophonic s',
 'higherquality': 'higher quality',
 'breastbaring': 'breast baring',
 'amplification': 'amplification',
 'smoothtalking': 'smooth talking',
 'innovationled': 'innovation led',
 'doublefaulted': 'double faulted',
 'fragmentation': 'fragmentation',
 'euroscepticism': 'euroscepticism',
 'preinstalled': 'pre installed',
 'perpetuating': 'perpetuating',
 'preclearance': 'pre clearance',
 'worldleading': 'world leading',
 'goodpractice': 'good practice',
 'licenceexempt': 'licence exempt',
 'whiteshirted': 'white shirted',
 'oceanography': 'oceanography',
 'dramatisation': 'drama tis ation',
 'characterize': 'characterize',
 'homeshopping': 'home shopping',
 'secondfastest': 'second fastest',
 'suspiciously': 'suspiciously',
 'indescribable': 'indescribable',
 'reunification': 'reunification',
 'longarranged': 'long arranged',
 'alternatively': 'alternatively',
 'parliamentarian': 'parliamentarian',
 'evidencebased': 'evidence based',
 'thoughtfully': 'thoughtfully',
 'shadowcrewcom': 'shadow crew com',
 'cosmopolitan': 'cosmopolitan',
 'handanimated': 'hand animated',
 'dysfunctional': 'dysfunctional',
 'singersongwriter': 'singer songwriter',
 'concurrently': 'concurrently',
 'impersonated': 'impersonated',
 'khordokovsky': 'khor do kov sky',
 'uncooperative': 'uncooperative',
 'gamebreakers': 'game breakers',
 'asbestosrelated': 'asbestos related',
 'nontechnical': 'nontechnical',
 'rubberstamps': 'rubber stamps',
 'wwwarsenalcom': 'www arsenal com',
 'noncommercial': 'noncommercial',
 'longrumoured': 'long rumoured',
 'invitational': 'invitational',
 'dispensation': 'dispensation',
 'sheffieldborn': 'sheffield born',
 'shakespearean': 'shakespearean',
 'eccentricity': 'eccentricity',
 'interoperability': 'interoperability',
 'editorinchief': 'editor in chief',
 'underperform': 'under perform',
 'semifictional': 'semi fictional',
 'lincolnshire': 'lincolnshire',
 'unidentified': 'unidentified',
 'centreforward': 'centre forward',
 'comparatively': 'comparatively',
 'unregistered': 'unregistered',
 'periodically': 'periodically',
 'ridiculously': 'ridiculously',
 'congressionallymandated': 'congressionally mandated',
 'chancellorno': 'chancellor no',
 'lightcoloured': 'light coloured',
 'intentionally': 'intentionally',
 'fayetteville': 'fayetteville',
 'impressionist': 'impressionist',
 'herefordshire': 'herefordshire',
 'timeshifting': 'time shifting',
 'partinorganic': 'part inorganic',
 'antagonistic': 'antagonistic',
 'publicsector': 'public sector',
 'carderplanet': 'car der planet',
 'justification': 'justification',
 'exponentially': 'exponentially',
 'cleanburning': 'clean burning',
 'nonpermanent': 'non permanent',
 'noncompetitive': 'noncompetitive',
 'predetermine': 'predetermine',
 'multispeaker': 'multi speaker',
 'authoritative': 'authoritative',
 'schizophrenic': 'schizophrenic',
 'collaborative': 'collaborative',
 'wholehearted': 'wholehearted',
 'swaminarayan': 'swami narayan',
 'electroclash': 'electro clash',
 'unattractive': 'unattractive',
 'redistribution': 'redistribution',
 'prizefighter': 'prizefighter',
 'collaborator': 'collaborator',
 'authoritarian': 'authoritarian',
 'experimentation': 'experimentation',
 'radioactivity': 'radioactivity',
 'modernisation': 'modernisation',
 'renfrewshire': 'renfrewshire',
 'groundstrokes': 'ground strokes',
 'europeafrica': 'europe africa',
 'jointventure': 'joint venture',
 'knowledgeable': 'knowledgeable',
 'harmonisation': 'harmon is ation',
 'unencumbered': 'un encumbered',
 'inconsistency': 'inconsistency',
 'drumthrowing': 'drum throwing',
 'categorically': 'categorically',
 'childishness': 'childishness',
 'authenticorp': 'authentic or p',
 'newportbased': 'newport based',
 'antiblogging': 'anti blogging',
 'seasonallyadjusted': 'seasonally adjusted',
 'routeraccess': 'router access',
 'kickstarting': 'kick starting',
 'frankenheimer': 'franken he i mer',
 'dissatisfied': 'dissatisfied',
 'significantlyimproved': 'significantly improved',
 'restructuren': 'restructure n',
 'minuteeconds': 'minute eco nds',
 'collisiondetection': 'collision detection',
 'schoolteacher': 'schoolteacher',
 'keywordbased': 'keyword based',
 'copyprotection': 'copy protection',
 'unreturnable': 'un returnable',
 'minimanifesto': 'mini manifesto',
 'preferential': 'preferential',
 'soberlysuited': 'soberly suited',
 'baskinrobbins': 'baskin robbins',
 'effortlessly': 'effortlessly',
 'pronouncement': 'pronouncement',
 'coincidentally': 'coincidentally',
 'reimbursement': 'reimbursement',
 'musicologist': 'musicologist',
 'interamerican': 'inter american',
 'governmental': 'governmental',
 'oppositional': 'oppositional',
 'uruguayanborn': 'uruguayan born',
 'associations': 'associations',
 'crossplatform': 'cross platform',
 'antiaircraft': 'antiaircraft',
 'bookingearold': 'book in gear old',
 'planningshare': 'planning share',
 'julyseptember': 'july september',
 'josephdesire': 'joseph desire',
 'insensitivity': 'insensitivity',
 'hanningfield': 'h anning field',
 'quickestever': 'quickest ever',
 'nottoodistant': 'not too distant',
 'nonsmartphone': 'non smartphone',
 'hereditaries': 'her edit aries',
 'subcontractor': 'sub contractor',
 'indiapakistan': 'india pakistan',
 'honeymanscott': 'honey man scott',
 'selfcontained': 'self contained',
 'hrisanthakis': 'hr is ant hak is',
 'shareholding': 'shareholding',
 'quickthinking': 'quick thinking',
 'unscrupulous': 'unscrupulous',
 'rehabilitate': 'rehabilitate',
 'quarterpoint': 'quarter point',
 'illumination': 'illumination',
 'insignificant': 'insignificant',
 'nongovernment': 'non government',
 'stollenmayer': 'stollen mayer',
 'recordbusting': 'record busting',
 'unaccountable': 'unaccountable',
 'motioncontrol': 'motion control',
 'careerthreatening': 'career threatening',
 'pointtopoint': 'point to point',
 'screenfilling': 'screen filling',
 'decisiveness': 'decisiveness',
 'implantation': 'implantation',
 'enlargedember': 'enlarged ember'}